id,timestamp
1,10/6/2022 15:30
2,10/6/2022 15:30
3,10/6/2022 15:30
4,10/6/2024 15:30
5,10/6/2024 15:30
6,10/6/2022 15:30
7,10/6/2024 15:30
8,10/6/2024 15:30
9,10/6/2024 15:30
10,10/6/2024 15:30
11,10/6/2024 15:30
12,10/6/2022 15:30
13,10/6/2022 15:30
14,10/6/2022 15:30
15,10/6/2022 15:30
16,10/6/2022 15:30
17,10/6/2022 15:30
18,10/6/2024 15:30
19,10/6/2024 15:30
20,10/6/2024 15:30
21,10/6/2022 15:30
22,10/6/2022 15:30
23,10/6/2022 15:30
24,10/6/2024 15:30
25,10/6/2022 15:30
26,10/6/2022 15:30
27,10/6/2022 15:30
28,10/6/2022 15:30
29,10/6/2024 15:30
30,10/6/2022 15:30
31,10/6/2024 15:30
32,10/6/2024 15:30
33,10/6/2022 15:30
34,10/6/2022 15:30
35,10/6/2024 15:30
36,10/6/2022 15:30
37,10/6/2022 15:30
38,10/6/2024 15:30
39,10/6/2024 15:30
40,10/6/2022 15:30
41,10/6/2024 15:30
42,10/6/2024 15:30
43,10/6/2022 15:30
44,10/6/2024 15:30
45,10/6/2024 15:30
46,10/6/2024 15:30
47,10/6/2022 15:30
48,10/6/2024 15:30
49,10/6/2024 15:30
50,10/6/2022 15:30
51,10/6/2024 15:30
52,10/6/2024 15:30
53,10/6/2022 15:30
54,10/6/2022 15:30
55,10/6/2024 15:30
56,10/6/2022 15:30
57,10/6/2022 15:30
58,10/6/2024 15:30
59,10/6/2022 15:30
60,10/6/2022 15:30
61,10/6/2022 15:30
62,10/6/2022 15:30
63,10/6/2022 15:30
64,10/6/2022 15:30
65,10/6/2024 15:30
66,10/6/2024 15:30
67,10/6/2024 15:30
68,10/6/2024 15:30
69,10/6/2022 15:30
70,10/6/2022 15:30
71,10/6/2022 15:30
72,10/6/2022 15:30
73,10/6/2022 15:30
74,10/6/2024 15:30
75,10/6/2022 15:30
76,10/6/2024 15:30
77,10/6/2024 15:30
78,10/6/2024 15:30
79,10/6/2022 15:30
80,10/6/2022 15:30
81,10/6/2022 15:30
82,10/6/2022 15:30
83,10/6/2024 15:30
84,10/6/2024 15:30
85,10/6/2024 15:30
86,10/6/2022 15:30
87,10/6/2024 15:30
88,10/6/2022 15:30
89,10/6/2022 15:30
90,10/6/2024 15:30
91,10/6/2022 15:30
92,10/6/2024 15:30
93,10/6/2022 15:30
94,10/6/2022 15:30
95,10/6/2022 15:30
96,10/6/2022 15:30
97,10/6/2024 15:30
98,10/6/2024 15:30
99,10/6/2024 15:30
100,10/6/2024 15:30
101,10/6/2024 15:30
102,10/6/2024 15:30
103,10/6/2024 15:30
104,10/6/2024 15:30
105,10/6/2024 15:30
106,10/6/2022 15:30
107,10/6/2022 15:30
108,10/6/2024 15:30
109,10/6/2024 15:30
110,10/6/2022 15:30
111,10/6/2022 15:30
112,10/6/2022 15:30
113,10/6/2022 15:30
114,10/6/2022 15:30
115,10/6/2022 15:30
116,10/6/2024 15:30
117,10/6/2022 15:30
118,10/6/2024 15:30
119,10/6/2024 15:30
120,10/6/2024 15:30
121,10/6/2024 15:30
122,10/6/2024 15:30
123,10/6/2024 15:30
124,10/6/2024 15:30
125,10/6/2024 15:30
126,10/6/2022 15:30
127,10/6/2024 15:30
128,10/6/2024 15:30
129,10/6/2024 15:30
130,10/6/2024 15:30
131,10/6/2024 15:30
132,10/6/2024 15:30
133,10/6/2024 15:30
134,10/6/2024 15:30
135,10/6/2022 15:30
136,10/6/2022 15:30
137,10/6/2024 15:30
138,10/6/2022 15:30
139,10/6/2024 15:30
140,10/6/2022 15:30
141,10/6/2022 15:30
142,10/6/2022 15:30
143,10/6/2022 15:30
144,10/6/2024 15:30
145,10/6/2022 15:30
146,10/6/2024 15:30
147,10/6/2022 15:30
148,10/6/2022 15:30
149,10/6/2024 15:30
150,10/6/2022 15:30
151,10/6/2022 15:30
152,10/6/2024 15:30
153,10/6/2022 15:30
154,10/6/2022 15:30
155,10/6/2022 15:30
156,10/6/2024 15:30
157,10/6/2022 15:30
158,10/6/2022 15:30
159,10/6/2022 15:30
160,10/6/2022 15:30
161,10/6/2022 15:30
162,10/6/2024 15:30
163,10/6/2024 15:30
164,10/6/2022 15:30
165,10/6/2024 15:30
166,10/6/2022 15:30
167,10/6/2024 15:30
168,10/6/2022 15:30
169,10/6/2022 15:30
170,10/6/2024 15:30
171,10/6/2022 15:30
172,10/6/2022 15:30
173,10/6/2022 15:30
174,10/6/2024 15:30
175,10/6/2022 15:30
176,10/6/2022 15:30
177,10/6/2024 15:30
178,10/6/2022 15:30
179,10/6/2024 15:30
180,10/6/2024 15:30
181,10/6/2024 15:30
182,10/6/2024 15:30
183,10/6/2024 15:30
184,10/6/2022 15:30
185,10/6/2024 15:30
186,10/6/2022 15:30
187,10/6/2024 15:30
188,10/6/2022 15:30
189,10/6/2024 15:30
190,10/6/2024 15:30
191,10/6/2022 15:30
192,10/6/2022 15:30
193,10/6/2024 15:30
194,10/6/2024 15:30
195,10/6/2024 15:30
196,10/6/2022 15:30
197,10/6/2022 15:30
198,10/6/2024 15:30
199,10/6/2024 15:30
200,10/6/2022 15:30
201,10/6/2024 15:30
202,10/6/2024 15:30
203,10/6/2024 15:30
204,10/6/2022 15:30
205,10/6/2022 15:30
206,10/6/2024 15:30
207,10/6/2022 15:30
208,10/6/2024 15:30
209,10/6/2022 15:30
210,10/6/2024 15:30
211,10/6/2024 15:30
212,10/6/2022 15:30
213,10/6/2022 15:30
214,10/6/2024 15:30
215,10/6/2022 15:30
216,10/6/2022 15:30
217,10/6/2022 15:30
218,10/6/2024 15:30
219,10/6/2022 15:30
220,10/6/2022 15:30
221,10/6/2024 15:30
222,10/6/2022 15:30
223,10/6/2024 15:30
224,10/6/2022 15:30
225,10/6/2022 15:30
226,10/6/2022 15:30
227,10/6/2024 15:30
228,10/6/2022 15:30
229,10/6/2024 15:30
230,10/6/2022 15:30
231,10/6/2024 15:30
232,10/6/2024 15:30
233,10/6/2024 15:30
234,10/6/2024 15:30
235,10/6/2024 15:30
236,10/6/2022 15:30
237,10/6/2024 15:30
238,10/6/2022 15:30
239,10/6/2024 15:30
240,10/6/2024 15:30
241,10/6/2024 15:30
242,10/6/2022 15:30
243,10/6/2024 15:30
244,10/6/2022 15:30
245,10/6/2024 15:30
246,10/6/2022 15:30
247,10/6/2024 15:30
248,10/6/2024 15:30
249,10/6/2024 15:30
250,10/6/2024 15:30
251,10/6/2024 15:30
252,10/6/2024 15:30
253,10/6/2024 15:30
254,10/6/2022 15:30
255,10/6/2022 15:30
256,10/6/2024 15:30
257,10/6/2022 15:30
258,10/6/2024 15:30
259,10/6/2024 15:30
260,10/6/2024 15:30
261,10/6/2022 15:30
262,10/6/2024 15:30
263,10/6/2022 15:30
264,10/6/2024 15:30
265,10/6/2024 15:30
266,10/6/2022 15:30
267,10/6/2024 15:30
268,10/6/2024 15:30
269,10/6/2022 15:30
270,10/6/2024 15:30
271,10/6/2022 15:30
272,10/6/2024 15:30
273,10/6/2024 15:30
274,10/6/2022 15:30
275,10/6/2022 15:30
276,10/6/2024 15:30
277,10/6/2024 15:30
278,10/6/2022 15:30
279,10/6/2022 15:30
280,10/6/2024 15:30
281,10/6/2024 15:30
282,10/6/2022 15:30
283,10/6/2024 15:30
284,10/6/2022 15:30
285,10/6/2024 15:30
286,10/6/2024 15:30
287,10/6/2024 15:30
288,10/6/2024 15:30
289,10/6/2022 15:30
290,10/6/2024 15:30
291,10/6/2024 15:30
292,10/6/2022 15:30
293,10/6/2024 15:30
294,10/6/2024 15:30
295,10/6/2022 15:30
296,10/6/2022 15:30
297,10/6/2024 15:30
298,10/6/2022 15:30
299,10/6/2024 15:30
300,10/6/2022 15:30
301,10/6/2024 15:30
302,10/6/2022 15:30
303,10/6/2024 15:30
304,10/6/2024 15:30
305,10/6/2024 15:30
306,10/6/2024 15:30
307,10/6/2024 15:30
308,10/6/2022 15:30
309,10/6/2024 15:30
310,10/6/2024 15:30
311,10/6/2022 15:30
312,10/6/2022 15:30
313,10/6/2024 15:30
314,10/6/2024 15:30
315,10/6/2024 15:30
316,10/6/2022 15:30
317,10/6/2022 15:30
318,10/6/2022 15:30
319,10/6/2022 15:30
320,10/6/2022 15:30
321,10/6/2022 15:30
322,10/6/2024 15:30
323,10/6/2022 15:30
324,10/6/2024 15:30
325,10/6/2022 15:30
326,10/6/2024 15:30
327,10/6/2022 15:30
328,10/6/2022 15:30
329,10/6/2022 15:30
330,10/6/2024 15:30
331,10/6/2024 15:30
332,10/6/2022 15:30
333,10/6/2024 15:30
334,10/6/2024 15:30
335,10/6/2024 15:30
336,10/6/2022 15:30
337,10/6/2024 15:30
338,10/6/2024 15:30
339,10/6/2022 15:30
340,10/6/2024 15:30
341,10/6/2022 15:30
342,10/6/2024 15:30
343,10/6/2022 15:30
344,10/6/2022 15:30
345,10/6/2022 15:30
346,10/6/2022 15:30
347,10/6/2024 15:30
348,10/6/2024 15:30
349,10/6/2022 15:30
350,10/6/2022 15:30
351,10/6/2024 15:30
352,10/6/2022 15:30
353,10/6/2022 15:30
354,10/6/2022 15:30
355,10/6/2024 15:30
356,10/6/2024 15:30
357,10/6/2022 15:30
358,10/6/2024 15:30
359,10/6/2022 15:30
360,10/6/2022 15:30
361,10/6/2024 15:30
362,10/6/2024 15:30
363,10/6/2024 15:30
364,10/6/2024 15:30
365,10/6/2024 15:30
366,10/6/2022 15:30
367,10/6/2024 15:30
368,10/6/2024 15:30
369,10/6/2022 15:30
370,10/6/2022 15:30
371,10/6/2024 15:30
372,10/6/2024 15:30
373,10/6/2024 15:30
374,10/6/2022 15:30
375,10/6/2022 15:30
376,10/6/2024 15:30
377,10/6/2024 15:30
378,10/6/2022 15:30
379,10/6/2024 15:30
380,10/6/2022 15:30
381,10/6/2024 15:30
382,10/6/2024 15:30
383,10/6/2022 15:30
384,10/6/2022 15:30
385,10/6/2022 15:30
386,10/6/2022 15:30
387,10/6/2024 15:30
388,10/6/2022 15:30
389,10/6/2024 15:30
390,10/6/2022 15:30
391,10/6/2022 15:30
392,10/6/2022 15:30
393,10/6/2024 15:30
394,10/6/2022 15:30
395,10/6/2024 15:30
396,10/6/2024 15:30
397,10/6/2022 15:30
398,10/6/2022 15:30
399,10/6/2022 15:30
400,10/6/2022 15:30
401,10/6/2024 15:30
402,10/6/2024 15:30
403,10/6/2022 15:30
404,10/6/2024 15:30
405,10/6/2024 15:30
406,10/6/2022 15:30
407,10/6/2024 15:30
408,10/6/2022 15:30
409,10/6/2022 15:30
410,10/6/2024 15:30
411,10/6/2022 15:30
412,10/6/2024 15:30
413,10/6/2022 15:30
414,10/6/2022 15:30
415,10/6/2022 15:30
416,10/6/2024 15:30
417,10/6/2024 15:30
418,10/6/2022 15:30
419,10/6/2022 15:30
420,10/6/2024 15:30
421,10/6/2024 15:30
422,10/6/2024 15:30
423,10/6/2022 15:30
424,10/6/2024 15:30
425,10/6/2022 15:30
426,10/6/2022 15:30
427,10/6/2022 15:30
428,10/6/2024 15:30
429,10/6/2022 15:30
430,10/6/2022 15:30
431,10/6/2022 15:30
432,10/6/2022 15:30
433,10/6/2022 15:30
434,10/6/2022 15:30
435,10/6/2022 15:30
436,10/6/2022 15:30
437,10/6/2022 15:30
438,10/6/2022 15:30
439,10/6/2022 15:30
440,10/6/2022 15:30
441,10/6/2022 15:30
442,10/6/2024 15:30
443,10/6/2022 15:30
444,10/6/2022 15:30
445,10/6/2024 15:30
446,10/6/2022 15:30
447,10/6/2024 15:30
448,10/6/2024 15:30
449,10/6/2024 15:30
450,10/6/2022 15:30
451,10/6/2022 15:30
452,10/6/2024 15:30
453,10/6/2022 15:30
454,10/6/2024 15:30
455,10/6/2022 15:30
456,10/6/2024 15:30
457,10/6/2022 15:30
458,10/6/2022 15:30
459,10/6/2024 15:30
460,10/6/2022 15:30
461,10/6/2024 15:30
462,10/6/2024 15:30
463,10/6/2024 15:30
464,10/6/2024 15:30
465,10/6/2024 15:30
466,10/6/2022 15:30
467,10/6/2024 15:30
468,10/6/2022 15:30
469,10/6/2024 15:30
470,10/6/2024 15:30
471,10/6/2024 15:30
472,10/6/2024 15:30
473,10/6/2024 15:30
474,10/6/2022 15:30
475,10/6/2022 15:30
476,10/6/2024 15:30
477,10/6/2022 15:30
478,10/6/2022 15:30
479,10/6/2022 15:30
480,10/6/2022 15:30
481,10/6/2022 15:30
482,10/6/2022 15:30
483,10/6/2022 15:30
484,10/6/2024 15:30
485,10/6/2022 15:30
486,10/6/2022 15:30
487,10/6/2024 15:30
488,10/6/2024 15:30
489,10/6/2022 15:30
490,10/6/2024 15:30
491,10/6/2022 15:30
492,10/6/2022 15:30
493,10/6/2024 15:30
494,10/6/2022 15:30
495,10/6/2022 15:30
496,10/6/2022 15:30
497,10/6/2024 15:30
498,10/6/2024 15:30
499,10/6/2024 15:30
500,10/6/2024 15:30
501,10/6/2022 15:30
502,10/6/2024 15:30
503,10/6/2024 15:30
504,10/6/2024 15:30
505,10/6/2022 15:30
506,10/6/2024 15:30
507,10/6/2024 15:30
508,10/6/2024 15:30
509,10/6/2024 15:30
510,10/6/2024 15:30
511,10/6/2024 15:30
512,10/6/2024 15:30
513,10/6/2022 15:30
514,10/6/2022 15:30
515,10/6/2024 15:30
516,10/6/2022 15:30
517,10/6/2024 15:30
518,10/6/2022 15:30
519,10/6/2022 15:30
520,10/6/2024 15:30
521,10/6/2024 15:30
522,10/6/2022 15:30
523,10/6/2022 15:30
524,10/6/2024 15:30
525,10/6/2024 15:30
526,10/6/2024 15:30
527,10/6/2022 15:30
528,10/6/2022 15:30
529,10/6/2024 15:30
530,10/6/2022 15:30
531,10/6/2024 15:30
532,10/6/2024 15:30
533,10/6/2024 15:30
534,10/6/2024 15:30
535,10/6/2024 15:30
536,10/6/2022 15:30
537,10/6/2024 15:30
538,10/6/2024 15:30
539,10/6/2024 15:30
540,10/6/2024 15:30
541,10/6/2022 15:30
542,10/6/2024 15:30
543,10/6/2024 15:30
544,10/6/2022 15:30
545,10/6/2024 15:30
546,10/6/2024 15:30
547,10/6/2022 15:30
548,10/6/2022 15:30
549,10/6/2022 15:30
550,10/6/2024 15:30
551,10/6/2024 15:30
552,10/6/2022 15:30
553,10/6/2024 15:30
554,10/6/2022 15:30
555,10/6/2024 15:30
556,10/6/2022 15:30
557,10/6/2022 15:30
558,10/6/2024 15:30
559,10/6/2024 15:30
560,10/6/2022 15:30
561,10/6/2022 15:30
562,10/6/2022 15:30
563,10/6/2022 15:30
564,10/6/2024 15:30
565,10/6/2022 15:30
566,10/6/2024 15:30
567,10/6/2022 15:30
568,10/6/2022 15:30
569,10/6/2024 15:30
570,10/6/2022 15:30
571,10/6/2022 15:30
572,10/6/2024 15:30
573,10/6/2022 15:30
574,10/6/2022 15:30
575,10/6/2022 15:30
576,10/6/2022 15:30
577,10/6/2022 15:30
578,10/6/2022 15:30
579,10/6/2024 15:30
580,10/6/2024 15:30
581,10/6/2022 15:30
582,10/6/2022 15:30
583,10/6/2022 15:30
584,10/6/2022 15:30
585,10/6/2024 15:30
586,10/6/2022 15:30
587,10/6/2024 15:30
588,10/6/2022 15:30
589,10/6/2022 15:30
590,10/6/2024 15:30
591,10/6/2024 15:30
592,10/6/2022 15:30
593,10/6/2022 15:30
594,10/6/2024 15:30
595,10/6/2022 15:30
596,10/6/2022 15:30
597,10/6/2022 15:30
598,10/6/2022 15:30
599,10/6/2024 15:30
600,10/6/2024 15:30
601,10/6/2022 15:30
602,10/6/2022 15:30
603,10/6/2024 15:30
604,10/6/2024 15:30
605,10/6/2022 15:30
606,10/6/2024 15:30
607,10/6/2022 15:30
608,10/6/2024 15:30
609,10/6/2022 15:30
610,10/6/2022 15:30
611,10/6/2024 15:30
612,10/6/2024 15:30
613,10/6/2022 15:30
614,10/6/2022 15:30
615,10/6/2022 15:30
616,10/6/2024 15:30
617,10/6/2022 15:30
